{
  "n_firms": 13871,
  "n_distress": 1504,
  "distress_rate": 0.1084276548194074,
  "unmapped_provinces": 0,
  "region_counts": {
    "Lombardia": 3641,
    "Veneto": 1643,
    "Emilia-Romagna": 1350,
    "Lazio": 1188,
    "Piemonte": 983,
    "Toscana": 955,
    "Campania": 892,
    "Puglia": 511,
    "Sicilia": 477,
    "Marche": 442,
    "Trentino-Alto Adige": 377,
    "Friuli-Venezia Giulia": 299,
    "Abruzzo": 249,
    "Liguria": 222,
    "Sardegna": 221,
    "Umbria": 194,
    "Calabria": 184,
    "Basilicata": 72,
    "Molise": 35,
    "Valle d'Aosta": 21
  },
  "cleaning": {
    "rows_in": 13956,
    "removed_impossible_sales_le0": 3,
    "removed_incongruent_outlier": 85,
    "rows_out": 13871,
    "removed_total": 85,
    "rule": "remove if any feature beyond 3*IQR on log1p AND all correlated features inside fence (incongruent); plus Sales<=0"
  },
  "silhouette_by_k": {
    "2": 0.2954747979374491,
    "3": 0.2785856087270997,
    "4": 0.2637493880739209,
    "5": 0.21113085045385246,
    "6": 0.19649080772382085,
    "7": 0.18062190753958005,
    "8": 0.1895012061808863
  },
  "best_k_silhouette": 5,
  "silhouette_at_best": 0.21113085045385246,
  "k_choice_rationale": "silhouette max at k=2; k=5 chosen for profiling granularity (separable micro/small/mid/large + risk signatures)",
  "cluster_sizes": {
    "0": 3828,
    "1": 3328,
    "2": 2849,
    "3": 2449,
    "4": 1417
  },
  "cluster_distress_rate": {
    "0": 0.07001044932079414,
    "1": 0.12590144230769232,
    "2": 0.029835029835029836,
    "3": 0.006533278889342589,
    "4": 0.5052928722653494
  },
  "cluster_means": {
    "0": {
      "Sales Revenue": 4300.61896368861,
      "Employees": 21.291274817136888,
      "Net income": 123.78702507836991,
      "Operating Income": 231.06396238244514,
      "Maximum deductible amount": 69.31918871473354,
      "Total financial expenses": 66.58806478578892,
      "Tax shield": 41.394149346917445,
      "Operating cash flow": 266.85380564263323,
      "Current taxes": 50.56487722048067,
      "Alert Index": 8.484894106397997
    },
    "1": {
      "Sales Revenue": 2046.8627686298075,
      "Employees": 17.771634615384617,
      "Net income": 40.44860637019231,
      "Operating Income": 62.0251592548077,
      "Maximum deductible amount": 18.60754777644231,
      "Total financial expenses": 12.757914663461538,
      "Tax shield": 7.647702043269231,
      "Operating cash flow": 92.84229206730768,
      "Current taxes": 19.283466646634615,
      "Alert Index": 228.90649295846015
    },
    "2": {
      "Sales Revenue": 13542.851126009127,
      "Employees": 48.991926991926995,
      "Net income": 813.3633534573535,
      "Operating Income": 1229.8429505089505,
      "Maximum deductible amount": 368.9528851526851,
      "Total financial expenses": 162.99401193401192,
      "Tax shield": 113.9465518076518,
      "Operating cash flow": 1198.2523453843453,
      "Current taxes": 311.8280379080379,
      "Alert Index": 34.518349953569285
    },
    "3": {
      "Sales Revenue": 5661.685113107391,
      "Employees": 23.06247447937934,
      "Net income": 527.3693340138832,
      "Operating Income": 709.9105806451613,
      "Maximum deductible amount": 212.97317419354837,
      "Total financial expenses": 3.4362168231931403,
      "Tax shield": 3.4361870151082075,
      "Operating cash flow": 650.4526729277255,
      "Current taxes": 201.4695500204165,
      "Alert Index": 2198.025157636048
    },
    "4": {
      "Sales Revenue": 4573.897936485533,
      "Employees": 32.61467889908257,
      "Net income": -491.3763436838391,
      "Operating Income": -477.8612893436839,
      "Maximum deductible amount": -143.35838680310516,
      "Total financial expenses": 60.96914678899083,
      "Tax shield": 0.2555150317572336,
      "Operating cash flow": -265.57160621030346,
      "Current taxes": 5.91514467184192,
      "Alert Index": -861.4796447960318
    }
  },
  "cluster_macro_share": {
    "0": {
      "Centre": 779.0,
      "Islands": 219.0,
      "North": 2245.0,
      "South": 585.0
    },
    "1": {
      "Centre": 735.0,
      "Islands": 232.0,
      "North": 1845.0,
      "South": 516.0
    },
    "2": {
      "Centre": 505.0,
      "Islands": 93.0,
      "North": 1871.0,
      "South": 380.0
    },
    "3": {
      "Centre": 431.0,
      "Islands": 88.0,
      "North": 1645.0,
      "South": 285.0
    },
    "4": {
      "Centre": 312.0,
      "Islands": 66.0,
      "North": 865.0,
      "South": 174.0
    }
  },
  "multicollinearity": {
    "vif": {
      "Sales Revenue": 2.349044371088005,
      "Employees": 1.3983132242596832,
      "Net income": 8.690666826173343,
      "Operating Income": 183.2168582539619,
      "Maximum deductible amount": 204.56671148107958,
      "Total financial expenses": 7.974928376300712,
      "Tax shield": 10.401993532219235,
      "Operating cash flow": 4.592985265301238,
      "Current taxes": 3.8911462855697656,
      "Alert Index": 1.059676539807024
    },
    "note": "Severe collinearity: 'Maximum deductible amount' (VIF~204) and 'Operating Income' (VIF~182) are near-perfectly collinear (r=0.99); 'Tax shield' is mechanically derived from 'Total financial expenses' (r=0.80). Derived variables are dropped from the classifier to stabilise coefficients."
  },
  "pred_feats_used": [
    "Sales Revenue",
    "Employees",
    "Net income",
    "Operating Income",
    "Total financial expenses"
  ],
  "classification": {
    "model": "Logistic Regression (L2, class-weighted)",
    "cv_roc_auc_mean": 0.8525571640502541,
    "cv_roc_auc_std": 0.01634304221822684,
    "train_roc_auc": 0.8558203971103606
  },
  "feature_importance": {
    "Operating Income": 0.7484771413766843,
    "Net income": 0.4437163854082813,
    "Total financial expenses": 0.308518068481811,
    "Sales Revenue": 0.20160487014024908,
    "Employees": 0.1296068191573716
  },
  "wald": {
    "Sales Revenue": {
      "coef": -0.20160487036233884,
      "z": -2.453546080143896,
      "p_value": 0.014145541449174681
    },
    "Employees": {
      "coef": 0.12960681936706406,
      "z": 1.8617474408957067,
      "p_value": 0.06263869811638179
    },
    "Net income": {
      "coef": -0.4437163856124224,
      "z": -3.4233358834635226,
      "p_value": 0.0006185759162153914
    },
    "Operating Income": {
      "coef": -0.7484771417475148,
      "z": -7.313305812082594,
      "p_value": 2.6068036618198676e-13
    },
    "Total financial expenses": {
      "coef": 0.30851806866848064,
      "z": 4.192108961012377,
      "p_value": 2.763731918964396e-05
    }
  },
  "demo_pred_pos_rate": 0.0,
  "demo_accuracy": 0.8915723451805926
}