{
  "features": [
    "Operating Income",
    "Net income",
    "Total financial expenses",
    "Rev_per_Employee"
  ],
  "n": 13871,
  "distress_rate": 0.1084276548194074,
  "metrics": {
    "Logistic Regression (scipy)": {
      "cv_mean": [
        0.30379950750552104,
        0.7189542027324256,
        0.4268851804997868,
        0.5642911071732538,
        0.856939299808834
      ],
      "cv_std": [
        0.012319169088280912,
        0.029261145264183868,
        0.014364751342475137,
        0.018495458740519895,
        0.008195754147116718
      ],
      "holdout": [
        0.3163841807909605,
        0.7066246056782335,
        0.43707317073170737,
        0.5668016194331984,
        0.8576617136344852
      ]
    },
    "Random Forest (numpy)": {
      "cv_mean": [
        0.572512501741312,
        0.37052086585327715,
        0.449226399764486,
        0.3983605985988826,
        0.8595579316212237
      ],
      "cv_std": [
        0.04860628975624757,
        0.023125925698024973,
        0.027541144363799695,
        0.024063737432682832,
        0.009270663026615143
      ],
      "holdout": [
        0.5898876404494382,
        0.3312302839116719,
        0.42424242424242425,
        0.3630705394190872,
        0.8601553416000801
      ]
    },
    "GBM / XGBoost-like (numpy)": {
      "cv_mean": [
        0.589551183285525,
        0.1693748681018737,
        0.2621094851760114,
        0.1972485574949124,
        0.8543407594278145
      ],
      "cv_std": [
        0.061751426527997755,
        0.025684968892301638,
        0.03445577117966052,
        0.02863902729573422,
        0.0074234320305615244
      ],
      "holdout": [
        0.6164383561643836,
        0.14195583596214512,
        0.23076923076923078,
        0.16778523489932887,
        0.8533597882918841
      ]
    }
  },
  "metric_order": [
    "precision",
    "recall",
    "f1",
    "f2",
    "roc_auc"
  ]
}